header-view,name*,_new_name,blacklist_action,blacklist_log_query,blacklist_redirect_addresses,blacklist_redirect_ttl,blacklist_rulesets,comment,custom_root_name_servers,ddns_principal_group,ddns_principal_tracking,ddns_restrict_patterns,ddns_restrict_patterns_list,ddns_restrict_protected,ddns_restrict_secure,ddns_restrict_static,disable,dns64_groups,enable_blacklist,enable_dns64,enable_match_recursive_only,filter_aaaa,filter_aaaa_list,forwarders,forwarders_only,lame_ttl,match_clients,match_destinations,max_cache_ttl,max_ncache_ttl,network_view,nxdomain_log_query,nxdomain_redirect,nxdomain_redirect_addresses,nxdomain_redirect_ttl,nxdomain_rulesets,recursion,root_name_server_type,rpz_drop_ip_rule_enabled,rpz_drop_ip_rule_min_prefix_length_ipv4,rpz_drop_ip_rule_min_prefix_length_ipv6
view,view2,,REDIRECT,FALSE,,,,,,,,,,,,,FALSE,,,,FALSE,,,,FALSE,,,,,,default,FALSE,,,,,,,,,
header-authzone,fqdn*,zone_format*,allow_active_dir,allow_query,allow_transfer,allow_update,allow_update_forwarding,comment,create_underscore_zones,ddns_principal_group,ddns_principal_tracking,ddns_restrict_patterns,ddns_restrict_patterns_list,ddns_restrict_protected,ddns_restrict_secure,ddns_restrict_static,disable_forwarding,disabled,external_primaries,external_secondaries,grid_primaries,grid_secondaries,is_multimaster,notify_delay,ns_group,prefix,_new_prefix,soa_default_ttl,soa_email,soa_expire,soa_mnames,soa_negative_ttl,soa_refresh,soa_retry,soa_serial_number,update_forwarding,view,zone_type,,,
authzone,dnsscavenging1.com,FORWARD,,,,,,,FALSE,,,,,,,,FALSE,FALSE,,,,,TRUE,,nsg_scavenging,,,,,,,,,,14,,view2,Authoritative,,,
authzone,24.0.0.0/8,IPV4,,,,,,,FALSE,,,,,,,,FALSE,FALSE,,,,,TRUE,,nsg_scavenging,,,,,,,,,,7,,view2,Authoritative,,,
authzone,2222::/64,IPV6,,,,,,,FALSE,,,,,,,,FALSE,FALSE,,,,,TRUE,, nsg_scavenging,,,,,,,,,,3,,view2,Authoritative,,,
header-aaaarecord,address*,_new_address,fqdn*,_new_fqdn,comment,create_ptr,creator,ddns_principal,ddns_protected,disabled,ttl,view,,,,,,,,,,,,,,,,,,,,,,,,,,,,,
header-arecord,address*,_new_address,fqdn*,_new_fqdn,comment,create_ptr,creator,ddns_principal,ddns_protected,disabled,ttl,view,,,,,,,,,,,,,,,,,,,,,,,,,,,,,
header-cnamerecord,fqdn*,_new_fqdn,canonical_name,comment,creator,ddns_principal,ddns_protected,disabled,ttl,view,,,,,,,,,,,,,,,,,,,,,,,,,,,,,,,
header-dnamerecord,fqdn*,_new_fqdn,target*,comment,creator,ddns_principal,ddns_protected,disabled,ttl,view,,,,,,,,,,,,,,,,,,,,,,,,,,,,,,,
header-mxrecord,fqdn*,_new_fqdn,mx*,_new_mx,priority*,_new_priority,comment,creator,ddns_principal,ddns_protected,disabled,ttl,view,,,,,,,,,,,,,,,,,,,,,,,,,,,,
header-naptrrecord,fqdn*,_new_fqdn,order*,_new_order,preference*,_new_preference,replacement*,_new_replacement,comment,creator,ddns_principal,ddns_protected,disabled,flags,_new_flags,regexp,_new_regexp,services,_new_services,ttl,view,,,,,,,,,,,,,,,,,,,,
header-ptrrecord,dname*,_new_dname,address,_new_address,comment,creator,ddns_principal,ddns_protected,disabled,fqdn,_new_fqdn,ttl,view,,,,,,,,,,,,,,,,,,,,,,,,,,,,
header-srvrecord,fqdn*,_new_fqdn,port*,_new_port,priority*,_new_priority,target*,_new_target,weight*,_new_weight,comment,creator,ddns_principal,ddns_protected,disabled,ttl,view,,,,,,,,,,,,,,,,,,,,,,,,
header-txtrecord,fqdn*,_new_fqdn,text*,_new_text,comment,creator,ddns_principal,ddns_protected,disabled,ttl,view,,,,,,,,,,,,,,,,,,,,,,,,,,,,,,
arecord,15.0.0.1,,arec.dnsscavenging1.com,,,FALSE,STATIC,,FALSE,FALSE,,view2,,,,,,,,,,,,,,,,,,,,,,,,,,,,,
arecord,15.0.0.2,,arec.dnsscavenging1.com,,,FALSE,STATIC,,FALSE,FALSE,,view2,,,,,,,,,,,,,,,,,,,,,,,,,,,,,
arecord,15.0.0.3,,arec.dnsscavenging1.com,,,FALSE,STATIC,,FALSE,FALSE,,view2,,,,,,,,,,,,,,,,,,,,,,,,,,,,,
arecord,15.0.0.4,,arec.dnsscavenging1.com,,,FALSE,STATIC,,FALSE,FALSE,,view2,,,,,,,,,,,,,,,,,,,,,,,,,,,,,
arecord,15.0.0.5,,arec.dnsscavenging1.com,,,FALSE,STATIC,,FALSE,FALSE,,view2,,,,,,,,,,,,,,,,,,,,,,,,,,,,,
arecord,15.0.0.6,,arec.dnsscavenging1.com,,,FALSE,STATIC,,FALSE,FALSE,,view2,,,,,,,,,,,,,,,,,,,,,,,,,,,,,
arecord,15.0.0.7,,arec.dnsscavenging1.com,,,FALSE,STATIC,,FALSE,FALSE,,view2,,,,,,,,,,,,,,,,,,,,,,,,,,,,,
arecord,15.0.0.8,,arec.dnsscavenging1.com,,,FALSE,STATIC,,FALSE,FALSE,,view2,,,,,,,,,,,,,,,,,,,,,,,,,,,,,
arecord,15.0.0.9,,arec.dnsscavenging1.com,,,FALSE,STATIC,,FALSE,FALSE,,view2,,,,,,,,,,,,,,,,,,,,,,,,,,,,,
arecord,15.0.0.10,,arec.dnsscavenging1.com,,,FALSE,STATIC,,FALSE,FALSE,,view2,,,,,,,,,,,,,,,,,,,,,,,,,,,,,
arecord,15.0.0.11,,arec.dnsscavenging1.com,,,FALSE,DYNAMIC,,FALSE,FALSE,,view2,,,,,,,,,,,,,,,,,,,,,,,,,,,,,
arecord,15.0.0.12,,arec.dnsscavenging1.com,,,FALSE,DYNAMIC,,FALSE,FALSE,,view2,,,,,,,,,,,,,,,,,,,,,,,,,,,,,
arecord,15.0.0.13,,arec.dnsscavenging1.com,,,FALSE,DYNAMIC,,FALSE,FALSE,,view2,,,,,,,,,,,,,,,,,,,,,,,,,,,,,
arecord,15.0.0.14,,arec.dnsscavenging1.com,,,FALSE,DYNAMIC,,FALSE,FALSE,,view2,,,,,,,,,,,,,,,,,,,,,,,,,,,,,
arecord,15.0.0.15,,arec.dnsscavenging1.com,,,FALSE,DYNAMIC,,FALSE,FALSE,,view2,,,,,,,,,,,,,,,,,,,,,,,,,,,,,
arecord,15.0.0.16,,arec.dnsscavenging1.com,,,FALSE,DYNAMIC,,FALSE,FALSE,,view2,,,,,,,,,,,,,,,,,,,,,,,,,,,,,
arecord,15.0.0.17,,arec.dnsscavenging1.com,,,FALSE,DYNAMIC,,FALSE,FALSE,,view2,,,,,,,,,,,,,,,,,,,,,,,,,,,,,
arecord,15.0.0.18,,arec.dnsscavenging1.com,,,FALSE,DYNAMIC,,FALSE,FALSE,,view2,,,,,,,,,,,,,,,,,,,,,,,,,,,,,
arecord,15.0.0.19,,arec.dnsscavenging1.com,,,FALSE,DYNAMIC,,FALSE,FALSE,,view2,,,,,,,,,,,,,,,,,,,,,,,,,,,,,
arecord,15.0.0.20,,arec.dnsscavenging1.com,,,FALSE,DYNAMIC,,FALSE,FALSE,,view2,,,,,,,,,,,,,,,,,,,,,,,,,,,,,
aaaarecord,1111::1,,quada.dnsscavenging1.com,,,FALSE,STATIC,,FALSE,FALSE,,view2,,,,,,,,,,,,,,,,,,,,,,,,,,,,,
aaaarecord,1111::2,,quada.dnsscavenging1.com,,,FALSE,STATIC,,FALSE,FALSE,,view2,,,,,,,,,,,,,,,,,,,,,,,,,,,,,
aaaarecord,1111::3,,quada.dnsscavenging1.com,,,FALSE,STATIC,,FALSE,FALSE,,view2,,,,,,,,,,,,,,,,,,,,,,,,,,,,,
aaaarecord,1111::4,,quada.dnsscavenging1.com,,,FALSE,STATIC,,FALSE,FALSE,,view2,,,,,,,,,,,,,,,,,,,,,,,,,,,,,
aaaarecord,1111::5,,quada.dnsscavenging1.com,,,FALSE,STATIC,,FALSE,FALSE,,view2,,,,,,,,,,,,,,,,,,,,,,,,,,,,,
aaaarecord,1111::6,,quada.dnsscavenging1.com,,,FALSE,STATIC,,FALSE,FALSE,,view2,,,,,,,,,,,,,,,,,,,,,,,,,,,,,
aaaarecord,1111::7,,quada.dnsscavenging1.com,,,FALSE,STATIC,,FALSE,FALSE,,view2,,,,,,,,,,,,,,,,,,,,,,,,,,,,,
aaaarecord,1111::8,,quada.dnsscavenging1.com,,,FALSE,STATIC,,FALSE,FALSE,,view2,,,,,,,,,,,,,,,,,,,,,,,,,,,,,
aaaarecord,1111::9,,quada.dnsscavenging1.com,,,FALSE,STATIC,,FALSE,FALSE,,view2,,,,,,,,,,,,,,,,,,,,,,,,,,,,,
aaaarecord,1111::10,,quada.dnsscavenging1.com,,,FALSE,STATIC,,FALSE,FALSE,,view2,,,,,,,,,,,,,,,,,,,,,,,,,,,,,
aaaarecord,1111::11,,quada.dnsscavenging1.com,,,FALSE,DYNAMIC,,FALSE,FALSE,,view2,,,,,,,,,,,,,,,,,,,,,,,,,,,,,
aaaarecord,1111::12,,quada.dnsscavenging1.com,,,FALSE,DYNAMIC,,FALSE,FALSE,,view2,,,,,,,,,,,,,,,,,,,,,,,,,,,,,
aaaarecord,1111::13,,quada.dnsscavenging1.com,,,FALSE,DYNAMIC,,FALSE,FALSE,,view2,,,,,,,,,,,,,,,,,,,,,,,,,,,,,
aaaarecord,1111::14,,quada.dnsscavenging1.com,,,FALSE,DYNAMIC,,FALSE,FALSE,,view2,,,,,,,,,,,,,,,,,,,,,,,,,,,,,
aaaarecord,1111::15,,quada.dnsscavenging1.com,,,FALSE,DYNAMIC,,FALSE,FALSE,,view2,,,,,,,,,,,,,,,,,,,,,,,,,,,,,
aaaarecord,1111::16,,quada.dnsscavenging1.com,,,FALSE,DYNAMIC,,FALSE,FALSE,,view2,,,,,,,,,,,,,,,,,,,,,,,,,,,,,
aaaarecord,1111::17,,quada.dnsscavenging1.com,,,FALSE,DYNAMIC,,FALSE,FALSE,,view2,,,,,,,,,,,,,,,,,,,,,,,,,,,,,
aaaarecord,1111::18,,quada.dnsscavenging1.com,,,FALSE,DYNAMIC,,FALSE,FALSE,,view2,,,,,,,,,,,,,,,,,,,,,,,,,,,,,
aaaarecord,1111::19,,quada.dnsscavenging1.com,,,FALSE,DYNAMIC,,FALSE,FALSE,,view2,,,,,,,,,,,,,,,,,,,,,,,,,,,,,
aaaarecord,1111::20,,quada.dnsscavenging1.com,,,FALSE,DYNAMIC,,FALSE,FALSE,,view2,,,,,,,,,,,,,,,,,,,,,,,,,,,,,
cnamerecord,cn1.dnsscavenging1.com,,dnsscavenging1.com,,STATIC,,FALSE,FALSE,,view2,,,,,,,,,,,,,,,,,,,,,,,,,,,,,,,
cnamerecord,cn2.dnsscavenging1.com,,dnsscavenging1.com,,STATIC,,FALSE,FALSE,,view2,,,,,,,,,,,,,,,,,,,,,,,,,,,,,,,
cnamerecord,cn3.dnsscavenging1.com,,dnsscavenging1.com,,STATIC,,FALSE,FALSE,,view2,,,,,,,,,,,,,,,,,,,,,,,,,,,,,,,
cnamerecord,cn4.dnsscavenging1.com,,dnsscavenging1.com,,STATIC,,FALSE,FALSE,,view2,,,,,,,,,,,,,,,,,,,,,,,,,,,,,,,
cnamerecord,cn5.dnsscavenging1.com,,dnsscavenging1.com,,STATIC,,FALSE,FALSE,,view2,,,,,,,,,,,,,,,,,,,,,,,,,,,,,,,
cnamerecord,cn6.dnsscavenging1.com,,dnsscavenging1.com,,STATIC,,FALSE,FALSE,,view2,,,,,,,,,,,,,,,,,,,,,,,,,,,,,,,
cnamerecord,cn7.dnsscavenging1.com,,dnsscavenging1.com,,STATIC,,FALSE,FALSE,,view2,,,,,,,,,,,,,,,,,,,,,,,,,,,,,,,
cnamerecord,cn8.dnsscavenging1.com,,dnsscavenging1.com,,STATIC,,FALSE,FALSE,,view2,,,,,,,,,,,,,,,,,,,,,,,,,,,,,,,
cnamerecord,cn9.dnsscavenging1.com,,dnsscavenging1.com,,STATIC,,FALSE,FALSE,,view2,,,,,,,,,,,,,,,,,,,,,,,,,,,,,,,
cnamerecord,cn10.dnsscavenging1.com,,dnsscavenging1.com,,STATIC,,FALSE,FALSE,,view2,,,,,,,,,,,,,,,,,,,,,,,,,,,,,,,
cnamerecord,cn11.dnsscavenging1.com,,dnsscavenging1.com,,DYNAMIC,,FALSE,FALSE,,view2,,,,,,,,,,,,,,,,,,,,,,,,,,,,,,,
cnamerecord,cn12.dnsscavenging1.com,,dnsscavenging1.com,,DYNAMIC,,FALSE,FALSE,,view2,,,,,,,,,,,,,,,,,,,,,,,,,,,,,,,
cnamerecord,cn13.dnsscavenging1.com,,dnsscavenging1.com,,DYNAMIC,,FALSE,FALSE,,view2,,,,,,,,,,,,,,,,,,,,,,,,,,,,,,,
cnamerecord,cn14.dnsscavenging1.com,,dnsscavenging1.com,,DYNAMIC,,FALSE,FALSE,,view2,,,,,,,,,,,,,,,,,,,,,,,,,,,,,,,
cnamerecord,cn16.dnsscavenging1.com,,dnsscavenging1.com,,DYNAMIC,,FALSE,FALSE,,view2,,,,,,,,,,,,,,,,,,,,,,,,,,,,,,,
cnamerecord,cn17.dnsscavenging1.com,,dnsscavenging1.com,,DYNAMIC,,FALSE,FALSE,,view2,,,,,,,,,,,,,,,,,,,,,,,,,,,,,,,
cnamerecord,cn18.dnsscavenging1.com,,dnsscavenging1.com,,DYNAMIC,,FALSE,FALSE,,view2,,,,,,,,,,,,,,,,,,,,,,,,,,,,,,,
cnamerecord,cn19.dnsscavenging1.com,,dnsscavenging1.com,,DYNAMIC,,FALSE,FALSE,,view2,,,,,,,,,,,,,,,,,,,,,,,,,,,,,,,
cnamerecord,cn20.dnsscavenging1.com,,dnsscavenging1.com,,DYNAMIC,,FALSE,FALSE,,view2,,,,,,,,,,,,,,,,,,,,,,,,,,,,,,,
dnamerecord,dn1.dnsscavenging1.com,,dns1.com,,STATIC,,FALSE,FALSE,,view2,,,,,,,,,,,,,,,,,,,,,,,,,,,,,,,
dnamerecord,dn2.dnsscavenging1.com,,dns1.com,,STATIC,,FALSE,FALSE,,view2,,,,,,,,,,,,,,,,,,,,,,,,,,,,,,,
dnamerecord,dn3.dnsscavenging1.com,,dns1.com,,STATIC,,FALSE,FALSE,,view2,,,,,,,,,,,,,,,,,,,,,,,,,,,,,,,
dnamerecord,dn4.dnsscavenging1.com,,dns1.com,,STATIC,,FALSE,FALSE,,view2,,,,,,,,,,,,,,,,,,,,,,,,,,,,,,,
dnamerecord,dn5.dnsscavenging1.com,,dns1.com,,STATIC,,FALSE,FALSE,,view2,,,,,,,,,,,,,,,,,,,,,,,,,,,,,,,
dnamerecord,dn6.dnsscavenging1.com,,dns1.com,,STATIC,,FALSE,FALSE,,view2,,,,,,,,,,,,,,,,,,,,,,,,,,,,,,,
dnamerecord,dn7.dnsscavenging1.com,,dns1.com,,STATIC,,FALSE,FALSE,,view2,,,,,,,,,,,,,,,,,,,,,,,,,,,,,,,
dnamerecord,dn8.dnsscavenging1.com,,dns1.com,,STATIC,,FALSE,FALSE,,view2,,,,,,,,,,,,,,,,,,,,,,,,,,,,,,,
dnamerecord,dn9.dnsscavenging1.com,,dns1.com,,STATIC,,FALSE,FALSE,,view2,,,,,,,,,,,,,,,,,,,,,,,,,,,,,,,
dnamerecord,dn10.dnsscavenging1.com,,dns1.com,,STATIC,,FALSE,FALSE,,view2,,,,,,,,,,,,,,,,,,,,,,,,,,,,,,,
dnamerecord,dn11.dnsscavenging1.com,,dns1.com,,DYNAMIC,,FALSE,FALSE,,view2,,,,,,,,,,,,,,,,,,,,,,,,,,,,,,,
dnamerecord,dn12.dnsscavenging1.com,,dns1.com,,DYNAMIC,,FALSE,FALSE,,view2,,,,,,,,,,,,,,,,,,,,,,,,,,,,,,,
dnamerecord,dn13.dnsscavenging1.com,,dns1.com,,DYNAMIC,,FALSE,FALSE,,view2,,,,,,,,,,,,,,,,,,,,,,,,,,,,,,,
dnamerecord,dn14.dnsscavenging1.com,,dns1.com,,DYNAMIC,,FALSE,FALSE,,view2,,,,,,,,,,,,,,,,,,,,,,,,,,,,,,,
dnamerecord,dn15.dnsscavenging1.com,,dns1.com,,DYNAMIC,,FALSE,FALSE,,view2,,,,,,,,,,,,,,,,,,,,,,,,,,,,,,,
dnamerecord,dn16.dnsscavenging1.com,,dns1.com,,DYNAMIC,,FALSE,FALSE,,view2,,,,,,,,,,,,,,,,,,,,,,,,,,,,,,,
dnamerecord,dn17.dnsscavenging1.com,,dns1.com,,DYNAMIC,,FALSE,FALSE,,view2,,,,,,,,,,,,,,,,,,,,,,,,,,,,,,,
dnamerecord,dn18.dnsscavenging1.com,,dns1.com,,DYNAMIC,,FALSE,FALSE,,view2,,,,,,,,,,,,,,,,,,,,,,,,,,,,,,,
dnamerecord,dn19.dnsscavenging1.com,,dns1.com,,DYNAMIC,,FALSE,FALSE,,view2,,,,,,,,,,,,,,,,,,,,,,,,,,,,,,,
dnamerecord,dn20.dnsscavenging1.com,,dns1.com,,DYNAMIC,,FALSE,FALSE,,view2,,,,,,,,,,,,,,,,,,,,,,,,,,,,,,,
mxrecord,mx1.dnsscavenging1.com,,dnsscavenging1.com,,10,,,STATIC,,FALSE,FALSE,,view2,,,,,,,,,,,,,,,,,,,,,,,,,,,,
mxrecord,mx2.dnsscavenging1.com,,dnsscavenging1.com,,10,,,STATIC,,FALSE,FALSE,,view2,,,,,,,,,,,,,,,,,,,,,,,,,,,,
mxrecord,mx3.dnsscavenging1.com,,dnsscavenging1.com,,10,,,STATIC,,FALSE,FALSE,,view2,,,,,,,,,,,,,,,,,,,,,,,,,,,,
mxrecord,mx4.dnsscavenging1.com,,dnsscavenging1.com,,10,,,STATIC,,FALSE,FALSE,,view2,,,,,,,,,,,,,,,,,,,,,,,,,,,,
mxrecord,mx5.dnsscavenging1.com,,dnsscavenging1.com,,10,,,STATIC,,FALSE,FALSE,,view2,,,,,,,,,,,,,,,,,,,,,,,,,,,,
mxrecord,mx6.dnsscavenging1.com,,dnsscavenging1.com,,10,,,STATIC,,FALSE,FALSE,,view2,,,,,,,,,,,,,,,,,,,,,,,,,,,,
mxrecord,mx7.dnsscavenging1.com,,dnsscavenging1.com,,10,,,STATIC,,FALSE,FALSE,,view2,,,,,,,,,,,,,,,,,,,,,,,,,,,,
mxrecord,mx8.dnsscavenging1.com,,dnsscavenging1.com,,10,,,STATIC,,FALSE,FALSE,,view2,,,,,,,,,,,,,,,,,,,,,,,,,,,,
mxrecord,mx9.dnsscavenging1.com,,dnsscavenging1.com,,10,,,STATIC,,FALSE,FALSE,,view2,,,,,,,,,,,,,,,,,,,,,,,,,,,,
mxrecord,mx10.dnsscavenging1.com,,dnsscavenging1.com,,10,,,STATIC,,FALSE,FALSE,,view2,,,,,,,,,,,,,,,,,,,,,,,,,,,,
mxrecord,mx11.dnsscavenging1.com,,dnsscavenging1.com,,10,,,DYNAMIC,,FALSE,FALSE,,view2,,,,,,,,,,,,,,,,,,,,,,,,,,,,
mxrecord,mx12.dnsscavenging1.com,,dnsscavenging1.com,,10,,,DYNAMIC,,FALSE,FALSE,,view2,,,,,,,,,,,,,,,,,,,,,,,,,,,,
mxrecord,mx13.dnsscavenging1.com,,dnsscavenging1.com,,10,,,DYNAMIC,,FALSE,FALSE,,view2,,,,,,,,,,,,,,,,,,,,,,,,,,,,
mxrecord,mx14.dnsscavenging1.com,,dnsscavenging1.com,,10,,,DYNAMIC,,FALSE,FALSE,,view2,,,,,,,,,,,,,,,,,,,,,,,,,,,,
mxrecord,mx15.dnsscavenging1.com,,dnsscavenging1.com,,10,,,DYNAMIC,,FALSE,FALSE,,view2,,,,,,,,,,,,,,,,,,,,,,,,,,,,
mxrecord,mx16.dnsscavenging1.com,,dnsscavenging1.com,,10,,,DYNAMIC,,FALSE,FALSE,,view2,,,,,,,,,,,,,,,,,,,,,,,,,,,,
mxrecord,mx17.dnsscavenging1.com,,dnsscavenging1.com,,10,,,DYNAMIC,,FALSE,FALSE,,view2,,,,,,,,,,,,,,,,,,,,,,,,,,,,
mxrecord,mx18.dnsscavenging1.com,,dnsscavenging1.com,,10,,,DYNAMIC,,FALSE,FALSE,,view2,,,,,,,,,,,,,,,,,,,,,,,,,,,,
mxrecord,mx19.dnsscavenging1.com,,dnsscavenging1.com,,10,,,DYNAMIC,,FALSE,FALSE,,view2,,,,,,,,,,,,,,,,,,,,,,,,,,,,
mxrecord,mx20.dnsscavenging1.com,,dnsscavenging1.com,,10,,,DYNAMIC,,FALSE,FALSE,,view2,,,,,,,,,,,,,,,,,,,,,,,,,,,,
naptrrecord,naptr1.dnsscavenging1.com,,10,,10,,.,,,STATIC,,FALSE,FALSE,U,,,,http+E2U,,,view2,,,,,,,,,,,,,,,,,,,,
naptrrecord,naptr2.dnsscavenging1.com,,10,,10,,.,,,STATIC,,FALSE,FALSE,U,,,,http+E2U,,,view2,,,,,,,,,,,,,,,,,,,,
naptrrecord,naptr3.dnsscavenging1.com,,10,,10,,.,,,STATIC,,FALSE,FALSE,U,,,,http+E2U,,,view2,,,,,,,,,,,,,,,,,,,,
naptrrecord,naptr4.dnsscavenging1.com,,10,,10,,.,,,STATIC,,FALSE,FALSE,U,,,,http+E2U,,,view2,,,,,,,,,,,,,,,,,,,,
naptrrecord,naptr5.dnsscavenging1.com,,10,,10,,.,,,STATIC,,FALSE,FALSE,U,,,,http+E2U,,,view2,,,,,,,,,,,,,,,,,,,,
naptrrecord,naptr6.dnsscavenging1.com,,10,,10,,.,,,STATIC,,FALSE,FALSE,U,,,,http+E2U,,,view2,,,,,,,,,,,,,,,,,,,,
naptrrecord,naptr7.dnsscavenging1.com,,10,,10,,.,,,STATIC,,FALSE,FALSE,U,,,,http+E2U,,,view2,,,,,,,,,,,,,,,,,,,,
naptrrecord,naptr8.dnsscavenging1.com,,10,,10,,.,,,STATIC,,FALSE,FALSE,U,,,,http+E2U,,,view2,,,,,,,,,,,,,,,,,,,,
naptrrecord,naptr9.dnsscavenging1.com,,10,,10,,.,,,STATIC,,FALSE,FALSE,U,,,,http+E2U,,,view2,,,,,,,,,,,,,,,,,,,,
naptrrecord,naptr10.dnsscavenging1.com,,10,,10,,.,,,STATIC,,FALSE,FALSE,U,,,,http+E2U,,,view2,,,,,,,,,,,,,,,,,,,,
naptrrecord,naptr11.dnsscavenging1.com,,10,,10,,.,,,DYNAMIC,,FALSE,FALSE,U,,,,http+E2U,,,view2,,,,,,,,,,,,,,,,,,,,
naptrrecord,naptr12.dnsscavenging1.com,,10,,10,,.,,,DYNAMIC,,FALSE,FALSE,U,,,,http+E2U,,,view2,,,,,,,,,,,,,,,,,,,,
naptrrecord,naptr13.dnsscavenging1.com,,10,,10,,.,,,DYNAMIC,,FALSE,FALSE,U,,,,http+E2U,,,view2,,,,,,,,,,,,,,,,,,,,
naptrrecord,naptr14.dnsscavenging1.com,,10,,10,,.,,,DYNAMIC,,FALSE,FALSE,U,,,,http+E2U,,,view2,,,,,,,,,,,,,,,,,,,,
naptrrecord,naptr15.dnsscavenging1.com,,10,,10,,.,,,DYNAMIC,,FALSE,FALSE,U,,,,http+E2U,,,view2,,,,,,,,,,,,,,,,,,,,
naptrrecord,naptr16.dnsscavenging1.com,,10,,10,,.,,,DYNAMIC,,FALSE,FALSE,U,,,,http+E2U,,,view2,,,,,,,,,,,,,,,,,,,,
naptrrecord,naptr17.dnsscavenging1.com,,10,,10,,.,,,DYNAMIC,,FALSE,FALSE,U,,,,http+E2U,,,view2,,,,,,,,,,,,,,,,,,,,
naptrrecord,naptr18.dnsscavenging1.com,,10,,10,,.,,,DYNAMIC,,FALSE,FALSE,U,,,,http+E2U,,,view2,,,,,,,,,,,,,,,,,,,,
naptrrecord,naptr19.dnsscavenging1.com,,10,,10,,.,,,DYNAMIC,,FALSE,FALSE,U,,,,http+E2U,,,view2,,,,,,,,,,,,,,,,,,,,
naptrrecord,naptr20.dnsscavenging1.com,,10,,10,,.,,,DYNAMIC,,FALSE,FALSE,U,,,,http+E2U,,,view2,,,,,,,,,,,,,,,,,,,,
ptrrecord,ptr1.com,,,,,STATIC,,FALSE,FALSE,ptr1.dnsscavenging1.com,,,view2,,,,,,,,,,,,,,,,,,,,,,,,,,,,
ptrrecord,ptr1.com,,,,,STATIC,,FALSE,FALSE,ptr2.dnsscavenging1.com,,,view2,,,,,,,,,,,,,,,,,,,,,,,,,,,,
ptrrecord,ptr1.com,,,,,STATIC,,FALSE,FALSE,ptr3.dnsscavenging1.com,,,view2,,,,,,,,,,,,,,,,,,,,,,,,,,,,
ptrrecord,ptr1.com,,,,,STATIC,,FALSE,FALSE,ptr4.dnsscavenging1.com,,,view2,,,,,,,,,,,,,,,,,,,,,,,,,,,,
ptrrecord,ptr1.com,,,,,STATIC,,FALSE,FALSE,ptr5.dnsscavenging1.com,,,view2,,,,,,,,,,,,,,,,,,,,,,,,,,,,
ptrrecord,ptr1.com,,,,,STATIC,,FALSE,FALSE,ptr6.dnsscavenging1.com,,,view2,,,,,,,,,,,,,,,,,,,,,,,,,,,,
ptrrecord,ptr1.com,,,,,STATIC,,FALSE,FALSE,ptr7.dnsscavenging1.com,,,view2,,,,,,,,,,,,,,,,,,,,,,,,,,,,
ptrrecord,ptr1.com,,,,,STATIC,,FALSE,FALSE,ptr8.dnsscavenging1.com,,,view2,,,,,,,,,,,,,,,,,,,,,,,,,,,,
ptrrecord,ptr1.com,,,,,STATIC,,FALSE,FALSE,ptr9.dnsscavenging1.com,,,view2,,,,,,,,,,,,,,,,,,,,,,,,,,,,
ptrrecord,ptr1.com,,,,,STATIC,,FALSE,FALSE,ptr10.dnsscavenging1.com,,,view2,,,,,,,,,,,,,,,,,,,,,,,,,,,,
ptrrecord,ptr1.com,,,,,STATIC,,FALSE,FALSE,ptr11.dnsscavenging1.com,,,view2,,,,,,,,,,,,,,,,,,,,,,,,,,,,
ptrrecord,ptr1.com,,,,,STATIC,,FALSE,FALSE,ptr12.dnsscavenging1.com,,,view2,,,,,,,,,,,,,,,,,,,,,,,,,,,,
ptrrecord,ptr1.com,,,,,STATIC,,FALSE,FALSE,ptr13.dnsscavenging1.com,,,view2,,,,,,,,,,,,,,,,,,,,,,,,,,,,
ptrrecord,ptr1.com,,,,,STATIC,,FALSE,FALSE,ptr14.dnsscavenging1.com,,,view2,,,,,,,,,,,,,,,,,,,,,,,,,,,,
ptrrecord,ptr1.com,,,,,STATIC,,FALSE,FALSE,ptr15.dnsscavenging1.com,,,view2,,,,,,,,,,,,,,,,,,,,,,,,,,,,
ptrrecord,ptr1.com,,,,,STATIC,,FALSE,FALSE,ptr16.dnsscavenging1.com,,,view2,,,,,,,,,,,,,,,,,,,,,,,,,,,,
ptrrecord,ptr1.com,,,,,STATIC,,FALSE,FALSE,ptr17.dnsscavenging1.com,,,view2,,,,,,,,,,,,,,,,,,,,,,,,,,,,
ptrrecord,ptr1.com,,,,,STATIC,,FALSE,FALSE,ptr18.dnsscavenging1.com,,,view2,,,,,,,,,,,,,,,,,,,,,,,,,,,,
ptrrecord,ptr1.com,,,,,STATIC,,FALSE,FALSE,ptr19.dnsscavenging1.com,,,view2,,,,,,,,,,,,,,,,,,,,,,,,,,,,
ptrrecord,ptr1.com,,,,,STATIC,,FALSE,FALSE,ptr20.dnsscavenging1.com,,,view2,,,,,,,,,,,,,,,,,,,,,,,,,,,,
srvrecord,_http._sites.s1.dnsscavenging1.com,,80,,10,,dnsscavenging1.com,,10,,,STATIC,,FALSE,FALSE,,view2,,,,,,,,,,,,,,,,,,,,,,,,
srvrecord,_http._sites.s2.dnsscavenging1.com,,80,,10,,dnsscavenging1.com,,10,,,STATIC,,FALSE,FALSE,,view2,,,,,,,,,,,,,,,,,,,,,,,,
srvrecord,_http._sites.s3.dnsscavenging1.com,,80,,10,,dnsscavenging1.com,,10,,,STATIC,,FALSE,FALSE,,view2,,,,,,,,,,,,,,,,,,,,,,,,
srvrecord,_http._sites.s4.dnsscavenging1.com,,80,,10,,dnsscavenging1.com,,10,,,STATIC,,FALSE,FALSE,,view2,,,,,,,,,,,,,,,,,,,,,,,,
srvrecord,_http._sites.s5.dnsscavenging1.com,,80,,10,,dnsscavenging1.com,,10,,,STATIC,,FALSE,FALSE,,view2,,,,,,,,,,,,,,,,,,,,,,,,
srvrecord,_http._sites.s6.dnsscavenging1.com,,80,,10,,dnsscavenging1.com,,10,,,STATIC,,FALSE,FALSE,,view2,,,,,,,,,,,,,,,,,,,,,,,,
srvrecord,_http._sites.s7.dnsscavenging1.com,,80,,10,,dnsscavenging1.com,,10,,,STATIC,,FALSE,FALSE,,view2,,,,,,,,,,,,,,,,,,,,,,,,
srvrecord,_http._sites.s9.dnsscavenging1.com,,80,,10,,dnsscavenging1.com,,10,,,STATIC,,FALSE,FALSE,,view2,,,,,,,,,,,,,,,,,,,,,,,,
srvrecord,_http._sites.s10.dnsscavenging1.com,,80,,10,,dnsscavenging1.com,,10,,,STATIC,,FALSE,FALSE,,view2,,,,,,,,,,,,,,,,,,,,,,,,
srvrecord,_http._sites.s11.dnsscavenging1.com,,80,,10,,dnsscavenging1.com,,10,,,DYNAMIC,,FALSE,FALSE,,view2,,,,,,,,,,,,,,,,,,,,,,,,
srvrecord,_http._sites.s12.dnsscavenging1.com,,80,,10,,dnsscavenging1.com,,10,,,DYNAMIC,,FALSE,FALSE,,view2,,,,,,,,,,,,,,,,,,,,,,,,
srvrecord,_http._sites.s13.dnsscavenging1.com,,80,,10,,dnsscavenging1.com,,10,,,DYNAMIC,,FALSE,FALSE,,view2,,,,,,,,,,,,,,,,,,,,,,,,
srvrecord,_http._sites.s14.dnsscavenging1.com,,80,,10,,dnsscavenging1.com,,10,,,DYNAMIC,,FALSE,FALSE,,view2,,,,,,,,,,,,,,,,,,,,,,,,
srvrecord,_http._sites.s15.dnsscavenging1.com,,80,,10,,dnsscavenging1.com,,10,,,DYNAMIC,,FALSE,FALSE,,view2,,,,,,,,,,,,,,,,,,,,,,,,
srvrecord,_http._sites.s16.dnsscavenging1.com,,80,,10,,dnsscavenging1.com,,10,,,DYNAMIC,,FALSE,FALSE,,view2,,,,,,,,,,,,,,,,,,,,,,,,
srvrecord,_http._sites.s17.dnsscavenging1.com,,80,,10,,dnsscavenging1.com,,10,,,DYNAMIC,,FALSE,FALSE,,view2,,,,,,,,,,,,,,,,,,,,,,,,
srvrecord,_http._sites.s18.dnsscavenging1.com,,80,,10,,dnsscavenging1.com,,10,,,DYNAMIC,,FALSE,FALSE,,view2,,,,,,,,,,,,,,,,,,,,,,,,
srvrecord,_http._sites.s19.dnsscavenging1.com,,80,,10,,dnsscavenging1.com,,10,,,DYNAMIC,,FALSE,FALSE,,view2,,,,,,,,,,,,,,,,,,,,,,,,
srvrecord,_http._sites.s20.dnsscavenging1.com,,80,,10,,dnsscavenging1.com,,10,,,DYNAMIC,,FALSE,FALSE,,view2,,,,,,,,,,,,,,,,,,,,,,,,
txtrecord,txt1.dnsscavenging1.com,,txt.com,,,STATIC,,FALSE,FALSE,,view2,,,,,,,,,,,,,,,,,,,,,,,,,,,,,,
txtrecord,txt2.dnsscavenging1.com,,txt.com,,,STATIC,,FALSE,FALSE,,view2,,,,,,,,,,,,,,,,,,,,,,,,,,,,,,
txtrecord,txt3.dnsscavenging1.com,,txt.com,,,STATIC,,FALSE,FALSE,,view2,,,,,,,,,,,,,,,,,,,,,,,,,,,,,,
txtrecord,txt4.dnsscavenging1.com,,txt.com,,,STATIC,,FALSE,FALSE,,view2,,,,,,,,,,,,,,,,,,,,,,,,,,,,,,
txtrecord,txt5.dnsscavenging1.com,,txt.com,,,STATIC,,FALSE,FALSE,,view2,,,,,,,,,,,,,,,,,,,,,,,,,,,,,,
txtrecord,txt6.dnsscavenging1.com,,txt.com,,,STATIC,,FALSE,FALSE,,view2,,,,,,,,,,,,,,,,,,,,,,,,,,,,,,
txtrecord,txt7.dnsscavenging1.com,,txt.com,,,STATIC,,FALSE,FALSE,,view2,,,,,,,,,,,,,,,,,,,,,,,,,,,,,,
txtrecord,txt8.dnsscavenging1.com,,txt.com,,,STATIC,,FALSE,FALSE,,view2,,,,,,,,,,,,,,,,,,,,,,,,,,,,,,
txtrecord,txt9.dnsscavenging1.com,,txt.com,,,STATIC,,FALSE,FALSE,,view2,,,,,,,,,,,,,,,,,,,,,,,,,,,,,,
txtrecord,txt10.dnsscavenging1.com,,txt.com,,,STATIC,,FALSE,FALSE,,view2,,,,,,,,,,,,,,,,,,,,,,,,,,,,,,
txtrecord,txt11.dnsscavenging1.com,,txt.com,,,DYNAMIC,,FALSE,FALSE,,view2,,,,,,,,,,,,,,,,,,,,,,,,,,,,,,
txtrecord,txt12.dnsscavenging1.com,,txt.com,,,DYNAMIC,,FALSE,FALSE,,view2,,,,,,,,,,,,,,,,,,,,,,,,,,,,,,
txtrecord,txt13.dnsscavenging1.com,,txt.com,,,DYNAMIC,,FALSE,FALSE,,view2,,,,,,,,,,,,,,,,,,,,,,,,,,,,,,
txtrecord,txt14.dnsscavenging1.com,,txt.com,,,DYNAMIC,,FALSE,FALSE,,view2,,,,,,,,,,,,,,,,,,,,,,,,,,,,,,
txtrecord,txt15.dnsscavenging1.com,,txt.com,,,DYNAMIC,,FALSE,FALSE,,view2,,,,,,,,,,,,,,,,,,,,,,,,,,,,,,
txtrecord,txt16.dnsscavenging1.com,,txt.com,,,DYNAMIC,,FALSE,FALSE,,view2,,,,,,,,,,,,,,,,,,,,,,,,,,,,,,
txtrecord,txt17.dnsscavenging1.com,,txt.com,,,DYNAMIC,,FALSE,FALSE,,view2,,,,,,,,,,,,,,,,,,,,,,,,,,,,,,
txtrecord,txt18.dnsscavenging1.com,,txt.com,,,DYNAMIC,,FALSE,FALSE,,view2,,,,,,,,,,,,,,,,,,,,,,,,,,,,,,
txtrecord,txt19.dnsscavenging1.com,,txt.com,,,DYNAMIC,,FALSE,FALSE,,view2,,,,,,,,,,,,,,,,,,,,,,,,,,,,,,
txtrecord,txt20.dnsscavenging1.com,,txt.com,,,DYNAMIC,,FALSE,FALSE,,view2,,,,,,,,,,,,,,,,,,,,,,,,,,,,,,
header-cnamerecord,fqdn*,_new_fqdn,canonical_name,comment,creator,ddns_principal,ddns_protected,disabled,ttl,view,,,,,,,,,,,,,,,,,,,,,,,,,,,,,,,
header-dnamerecord,fqdn*,_new_fqdn,target*,comment,creator,ddns_principal,ddns_protected,disabled,ttl,view,,,,,,,,,,,,,,,,,,,,,,,,,,,,,,,
header-naptrrecord,fqdn*,_new_fqdn,order*,_new_order,preference*,_new_preference,replacement*,_new_replacement,comment,creator,ddns_principal,ddns_protected,disabled,flags,_new_flags,regexp,_new_regexp,services,_new_services,ttl,view,,,,,,,,,,,,,,,,,,,,
header-ptrrecord,dname*,_new_dname,address,_new_address,comment,creator,ddns_principal,ddns_protected,disabled,fqdn,_new_fqdn,ttl,view,,,,,,,,,,,,,,,,,,,,,,,,,,,,
cnamerecord,cn1.24.in-addr.arpa,,24.in-addr.arpa,,STATIC,,FALSE,FALSE,,view2,,,,,,,,,,,,,,,,,,,,,,,,,,,,,,,
cnamerecord,cn2.24.in-addr.arpa,,24.in-addr.arpa,,STATIC,,FALSE,FALSE,,view2,,,,,,,,,,,,,,,,,,,,,,,,,,,,,,,
cnamerecord,cn3.24.in-addr.arpa,,24.in-addr.arpa,,STATIC,,FALSE,FALSE,,view2,,,,,,,,,,,,,,,,,,,,,,,,,,,,,,,
cnamerecord,cn4.24.in-addr.arpa,,24.in-addr.arpa,,STATIC,,FALSE,FALSE,,view2,,,,,,,,,,,,,,,,,,,,,,,,,,,,,,,
cnamerecord,cn5.24.in-addr.arpa,,24.in-addr.arpa,,STATIC,,FALSE,FALSE,,view2,,,,,,,,,,,,,,,,,,,,,,,,,,,,,,,
cnamerecord,cn6.24.in-addr.arpa,,24.in-addr.arpa,,STATIC,,FALSE,FALSE,,view2,,,,,,,,,,,,,,,,,,,,,,,,,,,,,,,
cnamerecord,cn7.24.in-addr.arpa,,24.in-addr.arpa,,STATIC,,FALSE,FALSE,,view2,,,,,,,,,,,,,,,,,,,,,,,,,,,,,,,
cnamerecord,cn8.24.in-addr.arpa,,24.in-addr.arpa,,STATIC,,FALSE,FALSE,,view2,,,,,,,,,,,,,,,,,,,,,,,,,,,,,,,
cnamerecord,cn9.24.in-addr.arpa,,24.in-addr.arpa,,STATIC,,FALSE,FALSE,,view2,,,,,,,,,,,,,,,,,,,,,,,,,,,,,,,
cnamerecord,cn10.24.in-addr.arpa,,24.in-addr.arpa,,STATIC,,FALSE,FALSE,,view2,,,,,,,,,,,,,,,,,,,,,,,,,,,,,,,
cnamerecord,cn11.24.in-addr.arpa,,24.in-addr.arpa,,DYNAMIC,,FALSE,FALSE,,view2,,,,,,,,,,,,,,,,,,,,,,,,,,,,,,,
cnamerecord,cn12.24.in-addr.arpa,,24.in-addr.arpa,,DYNAMIC,,FALSE,FALSE,,view2,,,,,,,,,,,,,,,,,,,,,,,,,,,,,,,
cnamerecord,cn13.24.in-addr.arpa,,24.in-addr.arpa,,DYNAMIC,,FALSE,FALSE,,view2,,,,,,,,,,,,,,,,,,,,,,,,,,,,,,,
cnamerecord,cn14.24.in-addr.arpa,,24.in-addr.arpa,,DYNAMIC,,FALSE,FALSE,,view2,,,,,,,,,,,,,,,,,,,,,,,,,,,,,,,
cnamerecord,cn15.24.in-addr.arpa,,24.in-addr.arpa,,DYNAMIC,,FALSE,FALSE,,view2,,,,,,,,,,,,,,,,,,,,,,,,,,,,,,,
cnamerecord,cn16.24.in-addr.arpa,,24.in-addr.arpa,,DYNAMIC,,FALSE,FALSE,,view2,,,,,,,,,,,,,,,,,,,,,,,,,,,,,,,
cnamerecord,cn17.24.in-addr.arpa,,24.in-addr.arpa,,DYNAMIC,,FALSE,FALSE,,view2,,,,,,,,,,,,,,,,,,,,,,,,,,,,,,,
cnamerecord,cn18.24.in-addr.arpa,,24.in-addr.arpa,,DYNAMIC,,FALSE,FALSE,,view2,,,,,,,,,,,,,,,,,,,,,,,,,,,,,,,
cnamerecord,cn19.24.in-addr.arpa,,24.in-addr.arpa,,DYNAMIC,,FALSE,FALSE,,view2,,,,,,,,,,,,,,,,,,,,,,,,,,,,,,,
cnamerecord,cn20.24.in-addr.arpa,,24.in-addr.arpa,,DYNAMIC,,FALSE,FALSE,,view2,,,,,,,,,,,,,,,,,,,,,,,,,,,,,,,
dnamerecord,dn1.24.in-addr.arpa,,dn1,,STATIC,,FALSE,FALSE,,view2,,,,,,,,,,,,,,,,,,,,,,,,,,,,,,,
dnamerecord,dn2.24.in-addr.arpa,,dn1,,STATIC,,FALSE,FALSE,,view2,,,,,,,,,,,,,,,,,,,,,,,,,,,,,,,
dnamerecord,dn3.24.in-addr.arpa,,dn1,,STATIC,,FALSE,FALSE,,view2,,,,,,,,,,,,,,,,,,,,,,,,,,,,,,,
dnamerecord,dn4.24.in-addr.arpa,,dn1,,STATIC,,FALSE,FALSE,,view2,,,,,,,,,,,,,,,,,,,,,,,,,,,,,,,
dnamerecord,dn5.24.in-addr.arpa,,dn1,,STATIC,,FALSE,FALSE,,view2,,,,,,,,,,,,,,,,,,,,,,,,,,,,,,,
dnamerecord,dn6.24.in-addr.arpa,,dn1,,STATIC,,FALSE,FALSE,,view2,,,,,,,,,,,,,,,,,,,,,,,,,,,,,,,
dnamerecord,dn7.24.in-addr.arpa,,dn1,,STATIC,,FALSE,FALSE,,view2,,,,,,,,,,,,,,,,,,,,,,,,,,,,,,,
dnamerecord,dn8.24.in-addr.arpa,,dn1,,STATIC,,FALSE,FALSE,,view2,,,,,,,,,,,,,,,,,,,,,,,,,,,,,,,
dnamerecord,dn9.24.in-addr.arpa,,dn1,,STATIC,,FALSE,FALSE,,view2,,,,,,,,,,,,,,,,,,,,,,,,,,,,,,,
dnamerecord,dn10.24.in-addr.arpa,,dn1,,STATIC,,FALSE,FALSE,,view2,,,,,,,,,,,,,,,,,,,,,,,,,,,,,,,
dnamerecord,dn11.24.in-addr.arpa,,dn1,,DYNAMIC,,FALSE,FALSE,,view2,,,,,,,,,,,,,,,,,,,,,,,,,,,,,,,
dnamerecord,dn12.24.in-addr.arpa,,dn1,,DYNAMIC,,FALSE,FALSE,,view2,,,,,,,,,,,,,,,,,,,,,,,,,,,,,,,
dnamerecord,dn13.24.in-addr.arpa,,dn1,,DYNAMIC,,FALSE,FALSE,,view2,,,,,,,,,,,,,,,,,,,,,,,,,,,,,,,
dnamerecord,dn14.24.in-addr.arpa,,dn1,,DYNAMIC,,FALSE,FALSE,,view2,,,,,,,,,,,,,,,,,,,,,,,,,,,,,,,
dnamerecord,dn15.24.in-addr.arpa,,dn1,,DYNAMIC,,FALSE,FALSE,,view2,,,,,,,,,,,,,,,,,,,,,,,,,,,,,,,
dnamerecord,dn16.24.in-addr.arpa,,dn1,,DYNAMIC,,FALSE,FALSE,,view2,,,,,,,,,,,,,,,,,,,,,,,,,,,,,,,
dnamerecord,dn17.24.in-addr.arpa,,dn1,,DYNAMIC,,FALSE,FALSE,,view2,,,,,,,,,,,,,,,,,,,,,,,,,,,,,,,
dnamerecord,dn18.24.in-addr.arpa,,dn1,,DYNAMIC,,FALSE,FALSE,,view2,,,,,,,,,,,,,,,,,,,,,,,,,,,,,,,
dnamerecord,dn19.24.in-addr.arpa,,dn1,,DYNAMIC,,FALSE,FALSE,,view2,,,,,,,,,,,,,,,,,,,,,,,,,,,,,,,
dnamerecord,dn20.24.in-addr.arpa,,dn1,,DYNAMIC,,FALSE,FALSE,,view2,,,,,,,,,,,,,,,,,,,,,,,,,,,,,,,
naptrrecord,naptr1.24.in-addr.arpa,,10,,10,,.,,,STATIC,,FALSE,FALSE,U,,,,http+E2U,,,view2,,,,,,,,,,,,,,,,,,,,
naptrrecord,naptr2.24.in-addr.arpa,,10,,10,,.,,,STATIC,,FALSE,FALSE,U,,,,http+E2U,,,view2,,,,,,,,,,,,,,,,,,,,
naptrrecord,naptr3.24.in-addr.arpa,,10,,10,,.,,,STATIC,,FALSE,FALSE,U,,,,http+E2U,,,view2,,,,,,,,,,,,,,,,,,,,
naptrrecord,naptr4.24.in-addr.arpa,,10,,10,,.,,,STATIC,,FALSE,FALSE,U,,,,http+E2U,,,view2,,,,,,,,,,,,,,,,,,,,
naptrrecord,naptr5.24.in-addr.arpa,,10,,10,,.,,,STATIC,,FALSE,FALSE,U,,,,http+E2U,,,view2,,,,,,,,,,,,,,,,,,,,
naptrrecord,naptr6.24.in-addr.arpa,,10,,10,,.,,,STATIC,,FALSE,FALSE,U,,,,http+E2U,,,view2,,,,,,,,,,,,,,,,,,,,
naptrrecord,naptr7.24.in-addr.arpa,,10,,10,,.,,,STATIC,,FALSE,FALSE,U,,,,http+E2U,,,view2,,,,,,,,,,,,,,,,,,,,
naptrrecord,naptr8.24.in-addr.arpa,,10,,10,,.,,,STATIC,,FALSE,FALSE,U,,,,http+E2U,,,view2,,,,,,,,,,,,,,,,,,,,
naptrrecord,naptr9.24.in-addr.arpa,,10,,10,,.,,,STATIC,,FALSE,FALSE,U,,,,http+E2U,,,view2,,,,,,,,,,,,,,,,,,,,
naptrrecord,naptr10.24.in-addr.arpa,,10,,10,,.,,,STATIC,,FALSE,FALSE,U,,,,http+E2U,,,view2,,,,,,,,,,,,,,,,,,,,
naptrrecord,naptr11.24.in-addr.arpa,,10,,10,,.,,,DYNAMIC,,FALSE,FALSE,U,,,,http+E2U,,,view2,,,,,,,,,,,,,,,,,,,,
naptrrecord,naptr12.24.in-addr.arpa,,10,,10,,.,,,DYNAMIC,,FALSE,FALSE,U,,,,http+E2U,,,view2,,,,,,,,,,,,,,,,,,,,
naptrrecord,naptr13.24.in-addr.arpa,,10,,10,,.,,,DYNAMIC,,FALSE,FALSE,U,,,,http+E2U,,,view2,,,,,,,,,,,,,,,,,,,,
naptrrecord,naptr14.24.in-addr.arpa,,10,,10,,.,,,DYNAMIC,,FALSE,FALSE,U,,,,http+E2U,,,view2,,,,,,,,,,,,,,,,,,,,
naptrrecord,naptr15.24.in-addr.arpa,,10,,10,,.,,,DYNAMIC,,FALSE,FALSE,U,,,,http+E2U,,,view2,,,,,,,,,,,,,,,,,,,,
naptrrecord,naptr16.24.in-addr.arpa,,10,,10,,.,,,DYNAMIC,,FALSE,FALSE,U,,,,http+E2U,,,view2,,,,,,,,,,,,,,,,,,,,
naptrrecord,naptr17.24.in-addr.arpa,,10,,10,,.,,,DYNAMIC,,FALSE,FALSE,U,,,,http+E2U,,,view2,,,,,,,,,,,,,,,,,,,,
naptrrecord,naptr18.24.in-addr.arpa,,10,,10,,.,,,DYNAMIC,,FALSE,FALSE,U,,,,http+E2U,,,view2,,,,,,,,,,,,,,,,,,,,
naptrrecord,naptr19.24.in-addr.arpa,,10,,10,,.,,,DYNAMIC,,FALSE,FALSE,U,,,,http+E2U,,,view2,,,,,,,,,,,,,,,,,,,,
naptrrecord,naptr20.24.in-addr.arpa,,10,,10,,.,,,DYNAMIC,,FALSE,FALSE,U,,,,http+E2U,,,view2,,,,,,,,,,,,,,,,,,,,
ptrrecord,ptr1.com,,24.0.0.1,,,STATIC,,FALSE,FALSE,1.0.0.24.in-addr.arpa,,,view2,,,,,,,,,,,,,,,,,,,,,,,,,,,,
ptrrecord,ptr2.com,,24.0.0.1,,,STATIC,,FALSE,FALSE,1.0.0.24.in-addr.arpa,,,view2,,,,,,,,,,,,,,,,,,,,,,,,,,,,
ptrrecord,ptr3.com,,24.0.0.1,,,STATIC,,FALSE,FALSE,1.0.0.24.in-addr.arpa,,,view2,,,,,,,,,,,,,,,,,,,,,,,,,,,,
ptrrecord,ptr4.com,,24.0.0.1,,,STATIC,,FALSE,FALSE,1.0.0.24.in-addr.arpa,,,view2,,,,,,,,,,,,,,,,,,,,,,,,,,,,
ptrrecord,ptr5.com,,24.0.0.1,,,STATIC,,FALSE,FALSE,1.0.0.24.in-addr.arpa,,,view2,,,,,,,,,,,,,,,,,,,,,,,,,,,,
ptrrecord,ptr6.com,,24.0.0.1,,,STATIC,,FALSE,FALSE,1.0.0.24.in-addr.arpa,,,view2,,,,,,,,,,,,,,,,,,,,,,,,,,,,
ptrrecord,ptr7.com,,24.0.0.1,,,STATIC,,FALSE,FALSE,1.0.0.24.in-addr.arpa,,,view2,,,,,,,,,,,,,,,,,,,,,,,,,,,,
ptrrecord,ptr8.com,,24.0.0.1,,,STATIC,,FALSE,FALSE,1.0.0.24.in-addr.arpa,,,view2,,,,,,,,,,,,,,,,,,,,,,,,,,,,
ptrrecord,ptr9.com,,24.0.0.1,,,STATIC,,FALSE,FALSE,1.0.0.24.in-addr.arpa,,,view2,,,,,,,,,,,,,,,,,,,,,,,,,,,,
ptrrecord,ptr10.com,,24.0.0.1,,,STATIC,,FALSE,FALSE,1.0.0.24.in-addr.arpa,,,view2,,,,,,,,,,,,,,,,,,,,,,,,,,,,
ptrrecord,ptr11.com,,24.0.0.1,,,DYNAMIC,,FALSE,FALSE,1.0.0.24.in-addr.arpa,,,view2,,,,,,,,,,,,,,,,,,,,,,,,,,,,
ptrrecord,ptr12.com,,24.0.0.1,,,DYNAMIC,,FALSE,FALSE,1.0.0.24.in-addr.arpa,,,view2,,,,,,,,,,,,,,,,,,,,,,,,,,,,
ptrrecord,ptr13.com,,24.0.0.1,,,DYNAMIC,,FALSE,FALSE,1.0.0.24.in-addr.arpa,,,view2,,,,,,,,,,,,,,,,,,,,,,,,,,,,
ptrrecord,ptr14.com,,24.0.0.1,,,DYNAMIC,,FALSE,FALSE,1.0.0.24.in-addr.arpa,,,view2,,,,,,,,,,,,,,,,,,,,,,,,,,,,
ptrrecord,ptr15.com,,24.0.0.1,,,DYNAMIC,,FALSE,FALSE,1.0.0.24.in-addr.arpa,,,view2,,,,,,,,,,,,,,,,,,,,,,,,,,,,
ptrrecord,ptr16.com,,24.0.0.1,,,DYNAMIC,,FALSE,FALSE,1.0.0.24.in-addr.arpa,,,view2,,,,,,,,,,,,,,,,,,,,,,,,,,,,
ptrrecord,ptr17.com,,24.0.0.1,,,DYNAMIC,,FALSE,FALSE,1.0.0.24.in-addr.arpa,,,view2,,,,,,,,,,,,,,,,,,,,,,,,,,,,
ptrrecord,ptr18.com,,24.0.0.1,,,DYNAMIC,,FALSE,FALSE,1.0.0.24.in-addr.arpa,,,view2,,,,,,,,,,,,,,,,,,,,,,,,,,,,
ptrrecord,ptr19.com,,24.0.0.1,,,DYNAMIC,,FALSE,FALSE,1.0.0.24.in-addr.arpa,,,view2,,,,,,,,,,,,,,,,,,,,,,,,,,,,
ptrrecord,ptr20.com,,24.0.0.1,,,DYNAMIC,,FALSE,FALSE,1.0.0.24.in-addr.arpa,,,view2,,,,,,,,,,,,,,,,,,,,,,,,,,,,
header-naptrrecord,fqdn*,_new_fqdn,order*,_new_order,preference*,_new_preference,replacement*,_new_replacement,comment,creator,ddns_principal,ddns_protected,disabled,flags,_new_flags,regexp,_new_regexp,services,_new_services,ttl,view,,,,,,,,,,,,,,,,,,,,
header-ptrrecord,dname*,_new_dname,address,_new_address,comment,creator,ddns_principal,ddns_protected,disabled,fqdn,_new_fqdn,ttl,view,,,,,,,,,,,,,,,,,,,,,,,,,,,,
naptrrecord,naptr1.0.0.0.0.0.0.0.0.0.0.0.0.2.2.2.2.ip6.arpa,,10,,10,,.,,,STATIC,,FALSE,FALSE,U,,,,http+E2U,,,view2,,,,,,,,,,,,,,,,,,,,
naptrrecord,naptr2.0.0.0.0.0.0.0.0.0.0.0.0.2.2.2.2.ip6.arpa,,10,,10,,.,,,STATIC,,FALSE,FALSE,U,,,,http+E2U,,,view2,,,,,,,,,,,,,,,,,,,,
naptrrecord,naptr3.0.0.0.0.0.0.0.0.0.0.0.0.2.2.2.2.ip6.arpa,,10,,10,,.,,,STATIC,,FALSE,FALSE,U,,,,http+E2U,,,view2,,,,,,,,,,,,,,,,,,,,
naptrrecord,naptr4.0.0.0.0.0.0.0.0.0.0.0.0.2.2.2.2.ip6.arpa,,10,,10,,.,,,STATIC,,FALSE,FALSE,U,,,,http+E2U,,,view2,,,,,,,,,,,,,,,,,,,,
naptrrecord,naptr5.0.0.0.0.0.0.0.0.0.0.0.0.2.2.2.2.ip6.arpa,,10,,10,,.,,,STATIC,,FALSE,FALSE,U,,,,http+E2U,,,view2,,,,,,,,,,,,,,,,,,,,
naptrrecord,naptr6.0.0.0.0.0.0.0.0.0.0.0.0.2.2.2.2.ip6.arpa,,10,,10,,.,,,STATIC,,FALSE,FALSE,U,,,,http+E2U,,,view2,,,,,,,,,,,,,,,,,,,,
naptrrecord,naptr7.0.0.0.0.0.0.0.0.0.0.0.0.2.2.2.2.ip6.arpa,,10,,10,,.,,,STATIC,,FALSE,FALSE,U,,,,http+E2U,,,view2,,,,,,,,,,,,,,,,,,,,
naptrrecord,naptr8.0.0.0.0.0.0.0.0.0.0.0.0.2.2.2.2.ip6.arpa,,10,,10,,.,,,STATIC,,FALSE,FALSE,U,,,,http+E2U,,,view2,,,,,,,,,,,,,,,,,,,,
naptrrecord,naptr9.0.0.0.0.0.0.0.0.0.0.0.0.2.2.2.2.ip6.arpa,,10,,10,,.,,,STATIC,,FALSE,FALSE,U,,,,http+E2U,,,view2,,,,,,,,,,,,,,,,,,,,
naptrrecord,naptr10.0.0.0.0.0.0.0.0.0.0.0.0.2.2.2.2.ip6.arpa,,10,,10,,.,,,STATIC,,FALSE,FALSE,U,,,,http+E2U,,,view2,,,,,,,,,,,,,,,,,,,,
naptrrecord,naptr11.0.0.0.0.0.0.0.0.0.0.0.0.2.2.2.2.ip6.arpa,,10,,10,,.,,,DYNAMIC,,FALSE,FALSE,U,,,,http+E2U,,,view2,,,,,,,,,,,,,,,,,,,,
naptrrecord,naptr12.0.0.0.0.0.0.0.0.0.0.0.0.2.2.2.2.ip6.arpa,,10,,10,,.,,,DYNAMIC,,FALSE,FALSE,U,,,,http+E2U,,,view2,,,,,,,,,,,,,,,,,,,,
naptrrecord,naptr13.0.0.0.0.0.0.0.0.0.0.0.0.2.2.2.2.ip6.arpa,,10,,10,,.,,,DYNAMIC,,FALSE,FALSE,U,,,,http+E2U,,,view2,,,,,,,,,,,,,,,,,,,,
naptrrecord,naptr14.0.0.0.0.0.0.0.0.0.0.0.0.2.2.2.2.ip6.arpa,,10,,10,,.,,,DYNAMIC,,FALSE,FALSE,U,,,,http+E2U,,,view2,,,,,,,,,,,,,,,,,,,,
naptrrecord,naptr15.0.0.0.0.0.0.0.0.0.0.0.0.2.2.2.2.ip6.arpa,,10,,10,,.,,,DYNAMIC,,FALSE,FALSE,U,,,,http+E2U,,,view2,,,,,,,,,,,,,,,,,,,,
naptrrecord,naptr16.0.0.0.0.0.0.0.0.0.0.0.0.2.2.2.2.ip6.arpa,,10,,10,,.,,,DYNAMIC,,FALSE,FALSE,U,,,,http+E2U,,,view2,,,,,,,,,,,,,,,,,,,,
naptrrecord,naptr17.0.0.0.0.0.0.0.0.0.0.0.0.2.2.2.2.ip6.arpa,,10,,10,,.,,,DYNAMIC,,FALSE,FALSE,U,,,,http+E2U,,,view2,,,,,,,,,,,,,,,,,,,,
naptrrecord,naptr18.0.0.0.0.0.0.0.0.0.0.0.0.2.2.2.2.ip6.arpa,,10,,10,,.,,,DYNAMIC,,FALSE,FALSE,U,,,,http+E2U,,,view2,,,,,,,,,,,,,,,,,,,,
naptrrecord,naptr19.0.0.0.0.0.0.0.0.0.0.0.0.2.2.2.2.ip6.arpa,,10,,10,,.,,,DYNAMIC,,FALSE,FALSE,U,,,,http+E2U,,,view2,,,,,,,,,,,,,,,,,,,,
naptrrecord,naptr20.0.0.0.0.0.0.0.0.0.0.0.0.2.2.2.2.ip6.arpa,,10,,10,,.,,,DYNAMIC,,FALSE,FALSE,U,,,,http+E2U,,,view2,,,,,,,,,,,,,,,,,,,,
ptrrecord,ptr1.com,,2222::1,,,STATIC,,FALSE,FALSE,1.0.0.0.0.0.0.0.0.0.0.0.0.0.0.0.0.0.0.0.0.0.0.0.0.0.0.0.2.2.2.2.ip6.arpa,,,view2,,,,,,,,,,,,,,,,,,,,,,,,,,,,
ptrrecord,ptr1.com,,2222::2,,,STATIC,,FALSE,FALSE,1.0.0.0.0.0.0.0.0.0.0.0.0.0.0.0.0.0.0.0.0.0.0.0.0.0.0.0.2.2.2.2.ip6.arpa,,,view2,,,,,,,,,,,,,,,,,,,,,,,,,,,,
ptrrecord,ptr1.com,,2222::3,,,STATIC,,FALSE,FALSE,1.0.0.0.0.0.0.0.0.0.0.0.0.0.0.0.0.0.0.0.0.0.0.0.0.0.0.0.2.2.2.2.ip6.arpa,,,view2,,,,,,,,,,,,,,,,,,,,,,,,,,,,
ptrrecord,ptr1.com,,2222::4,,,STATIC,,FALSE,FALSE,1.0.0.0.0.0.0.0.0.0.0.0.0.0.0.0.0.0.0.0.0.0.0.0.0.0.0.0.2.2.2.2.ip6.arpa,,,view2,,,,,,,,,,,,,,,,,,,,,,,,,,,,
ptrrecord,ptr1.com,,2222::5,,,STATIC,,FALSE,FALSE,1.0.0.0.0.0.0.0.0.0.0.0.0.0.0.0.0.0.0.0.0.0.0.0.0.0.0.0.2.2.2.2.ip6.arpa,,,view2,,,,,,,,,,,,,,,,,,,,,,,,,,,,
ptrrecord,ptr1.com,,2222::6,,,STATIC,,FALSE,FALSE,1.0.0.0.0.0.0.0.0.0.0.0.0.0.0.0.0.0.0.0.0.0.0.0.0.0.0.0.2.2.2.2.ip6.arpa,,,view2,,,,,,,,,,,,,,,,,,,,,,,,,,,,
ptrrecord,ptr1.com,,2222::7,,,STATIC,,FALSE,FALSE,1.0.0.0.0.0.0.0.0.0.0.0.0.0.0.0.0.0.0.0.0.0.0.0.0.0.0.0.2.2.2.2.ip6.arpa,,,view2,,,,,,,,,,,,,,,,,,,,,,,,,,,,
ptrrecord,ptr1.com,,2222::8,,,STATIC,,FALSE,FALSE,1.0.0.0.0.0.0.0.0.0.0.0.0.0.0.0.0.0.0.0.0.0.0.0.0.0.0.0.2.2.2.2.ip6.arpa,,,view2,,,,,,,,,,,,,,,,,,,,,,,,,,,,
ptrrecord,ptr1.com,,2222::9,,,STATIC,,FALSE,FALSE,1.0.0.0.0.0.0.0.0.0.0.0.0.0.0.0.0.0.0.0.0.0.0.0.0.0.0.0.2.2.2.2.ip6.arpa,,,view2,,,,,,,,,,,,,,,,,,,,,,,,,,,,
ptrrecord,ptr1.com,,2222::10,,,STATIC,,FALSE,FALSE,1.0.0.0.0.0.0.0.0.0.0.0.0.0.0.0.0.0.0.0.0.0.0.0.0.0.0.0.2.2.2.2.ip6.arpa,,,view2,,,,,,,,,,,,,,,,,,,,,,,,,,,,
ptrrecord,ptr1.com,,2222::11,,,DYNAMIC,,FALSE,FALSE,1.0.0.0.0.0.0.0.0.0.0.0.0.0.0.0.0.0.0.0.0.0.0.0.0.0.0.0.2.2.2.2.ip6.arpa,,,view2,,,,,,,,,,,,,,,,,,,,,,,,,,,,
ptrrecord,ptr1.com,,2222::12,,,DYNAMIC,,FALSE,FALSE,1.0.0.0.0.0.0.0.0.0.0.0.0.0.0.0.0.0.0.0.0.0.0.0.0.0.0.0.2.2.2.2.ip6.arpa,,,view2,,,,,,,,,,,,,,,,,,,,,,,,,,,,
ptrrecord,ptr1.com,,2222::13,,,DYNAMIC,,FALSE,FALSE,1.0.0.0.0.0.0.0.0.0.0.0.0.0.0.0.0.0.0.0.0.0.0.0.0.0.0.0.2.2.2.2.ip6.arpa,,,view2,,,,,,,,,,,,,,,,,,,,,,,,,,,,
ptrrecord,ptr1.com,,2222::14,,,DYNAMIC,,FALSE,FALSE,1.0.0.0.0.0.0.0.0.0.0.0.0.0.0.0.0.0.0.0.0.0.0.0.0.0.0.0.2.2.2.2.ip6.arpa,,,view2,,,,,,,,,,,,,,,,,,,,,,,,,,,,
ptrrecord,ptr1.com,,2222::15,,,DYNAMIC,,FALSE,FALSE,1.0.0.0.0.0.0.0.0.0.0.0.0.0.0.0.0.0.0.0.0.0.0.0.0.0.0.0.2.2.2.2.ip6.arpa,,,view2,,,,,,,,,,,,,,,,,,,,,,,,,,,,
ptrrecord,ptr1.com,,2222::16,,,DYNAMIC,,FALSE,FALSE,1.0.0.0.0.0.0.0.0.0.0.0.0.0.0.0.0.0.0.0.0.0.0.0.0.0.0.0.2.2.2.2.ip6.arpa,,,view2,,,,,,,,,,,,,,,,,,,,,,,,,,,,
ptrrecord,ptr1.com,,2222::17,,,DYNAMIC,,FALSE,FALSE,1.0.0.0.0.0.0.0.0.0.0.0.0.0.0.0.0.0.0.0.0.0.0.0.0.0.0.0.2.2.2.2.ip6.arpa,,,view2,,,,,,,,,,,,,,,,,,,,,,,,,,,,
ptrrecord,ptr1.com,,2222::18,,,DYNAMIC,,FALSE,FALSE,1.0.0.0.0.0.0.0.0.0.0.0.0.0.0.0.0.0.0.0.0.0.0.0.0.0.0.0.2.2.2.2.ip6.arpa,,,view2,,,,,,,,,,,,,,,,,,,,,,,,,,,,
ptrrecord,ptr1.com,,2222::19,,,DYNAMIC,,FALSE,FALSE,1.0.0.0.0.0.0.0.0.0.0.0.0.0.0.0.0.0.0.0.0.0.0.0.0.0.0.0.2.2.2.2.ip6.arpa,,,view2,,,,,,,,,,,,,,,,,,,,,,,,,,,,
ptrrecord,ptr1.com,,2222::20,,,DYNAMIC,,FALSE,FALSE,1.0.0.0.0.0.0.0.0.0.0.0.0.0.0.0.0.0.0.0.0.0.0.0.0.0.0.0.2.2.2.2.ip6.arpa,,,view2,,,,,,,,,,,,,,,,,,,,,,,,,,,,
